Date,Price,Car Type,Avg Price,Last 30 days,Last 90 days,YoY Change
11-02-2008,5500.0,1987 4Runner,0,0.0,0.0,0.0
01-02-2009,5500.0,1987 4Runner,0,0.0,0.0,0.0
03-04-2009,31950.0,1987 4Runner,0,0.0,0.0,0.0
05-04-2009,2850.0,1987 4Runner,0,0.0,0.0,0.0
09-03-2009,3993.1052631578946,1987 4Runner,0,0.0,0.0,0.0
11-03-2009,3630.5636363636363,1987 4Runner,0,0.0,0.0,0.0
01-03-2010,5268.935483870968,1987 4Runner,0,0.0,0.0,0.0
03-05-2010,2999.0,1987 4Runner,0,0.0,0.0,0.0
05-05-2010,3772.0,1987 4Runner,0,0.0,0.0,0.0
11-04-2010,6988.0,1987 4Runner,0,0.0,0.0,0.0
05-06-2011,2533.3333333333335,1987 4Runner,0,0.0,0.0,0.0
09-05-2011,2476.590909090909,1987 4Runner,0,0.0,0.0,0.0
01-05-2012,6000.0,1987 4Runner,0,0.0,0.0,0.0
03-06-2012,3499.0,1987 4Runner,0,0.0,0.0,0.0
07-06-2012,3888.7272727272725,1987 4Runner,0,0.0,0.0,0.0
11-05-2012,7995.0,1987 4Runner,0,0.0,0.0,0.0
01-05-2013,7352.142857142857,1987 4Runner,0,0.0,0.0,0.0
03-07-2013,5853.717834472656,1987 4Runner,0,0.0,0.0,0.0
05-07-2013,5693.535260262574,1987 4Runner,0,0.0,0.0,0.0
07-07-2013,5708.580100446428,1987 4Runner,0,0.0,0.0,0.0
09-06-2013,6955.640883977901,1987 4Runner,0,0.0,0.0,0.0
11-06-2013,6703.7027027027025,1987 4Runner,0,0.0,0.0,0.0
01-06-2014,5300.866314444124,1987 4Runner,0,0.0,0.0,0.0
03-08-2014,3302.2863396705666,1987 4Runner,0,0.0,0.0,0.0
05-08-2014,4911.0,1987 4Runner,0,0.0,0.0,0.0
07-08-2014,2955.5119047619046,1987 4Runner,0,0.0,0.0,0.0
09-07-2014,3976.439924091312,1987 4Runner,0,0.0,0.0,0.0
11-07-2014,4722.857866298653,1987 4Runner,0,0.0,0.0,0.0
01-07-2015,8120.65306122449,1987 4Runner,0,0.0,0.0,0.0
03-09-2015,2895.0,1987 4Runner,0,0.0,0.0,0.0
05-09-2015,3914.5934065934066,1987 4Runner,0,0.0,0.0,0.0
07-09-2015,3904.6867469879517,1987 4Runner,0,0.0,0.0,0.0
09-08-2015,3103.103448275862,1987 4Runner,0,0.0,0.0,0.0
11-08-2015,4599.0,1987 4Runner,0,0.0,0.0,0.0
01-08-2016,4599.0,1987 4Runner,0,0.0,0.0,0.0
03-09-2016,4899.333333333333,1987 4Runner,0,0.0,0.0,0.0
05-09-2016,7774.166666666667,1987 4Runner,0,0.0,0.0,0.0
07-09-2016,6591.812694170321,1987 4Runner,0,0.0,0.0,0.0
09-08-2016,7783.889655172414,1987 4Runner,0,0.0,0.0,0.0
11-08-2016,7290.744680851064,1987 4Runner,0,0.0,0.0,0.0
01-08-2017,7298.185840707964,1987 4Runner,0,0.0,0.0,0.0
03-10-2017,6306.614583333333,1987 4Runner,0,0.0,0.0,0.0
05-10-2017,6676.294948032924,1987 4Runner,0,0.0,0.0,0.0
07-10-2017,11279.120986435439,1987 4Runner,0,0.0,0.0,0.0
09-09-2017,4858.794713903357,1987 4Runner,0,0.0,0.0,0.0
11-09-2017,5419.398403825431,1987 4Runner,0,0.0,0.0,0.0
01-09-2018,16052.036402925532,1987 4Runner,0,0.0,0.0,0.0
03-11-2018,12057.744032118055,1987 4Runner,0,0.0,0.0,0.0
05-11-2018,16764.938039679277,1987 4Runner,0,0.0,0.0,0.0
07-11-2018,12110.702153110047,1987 4Runner,0,0.0,0.0,0.0
09-10-2018,8576.15446960034,1987 4Runner,0,0.0,0.0,0.0
11-10-2018,10593.6,1987 4Runner,0,0.0,0.0,0.0
01-10-2019,6757.2052105402545,1987 4Runner,0,0.0,0.0,0.0
03-12-2019,6441.176470588235,1987 4Runner,0,0.0,0.0,0.0
05-12-2019,3880.089285714286,1987 4Runner,0,0.0,0.0,0.0
07-12-2019,3690.990990990991,1987 4Runner,0,0.0,0.0,0.0
09-11-2019,3207.843137254902,1987 4Runner,0,0.0,0.0,0.0
11-11-2019,9311.413683252427,1987 4Runner,0,0.0,0.0,0.0
01-11-2020,13142.778426204819,1987 4Runner,0,0.0,0.0,0.0
03-12-2020,16133.662162162162,1987 4Runner,0,0.0,0.0,0.0
05-12-2020,13981.409327651516,1987 4Runner,0,0.0,0.0,0.0
07-12-2020,19999.0,1987 4Runner,0,0.0,0.0,0.0
09-11-2020,19999.0,1987 4Runner,0,0.0,0.0,0.0
11-11-2020,18391.918026194853,1987 4Runner,0,0.0,0.0,0.0
01-11-2021,20643.545833333334,1987 4Runner,0,0.0,0.0,0.0
03-13-2021,43995.0,1987 4Runner,0,0.0,0.0,0.0
07-13-2021,11220.0,1987 4Runner,0,0.0,0.0,0.0
09-12-2021,11605.709677419354,1987 4Runner,0,0.0,0.0,0.0
11-12-2021,11278.44337599734,1987 4Runner,0,0.0,0.0,0.0
01-12-2022,12150.002987132353,1987 4Runner,0,0.0,0.0,0.0
03-14-2022,13900.0,1987 4Runner,0,0.0,0.0,0.0
05-14-2022,14493.22033898305,1987 4Runner,0,0.0,0.0,0.0
07-14-2022,23900.0,1987 4Runner,0,0.0,0.0,0.0
09-13-2022,23900.0,1987 4Runner,0,0.0,0.0,0.0
11-13-2022,17998.0,1987 4Runner,0,0.0,0.0,0.0
01-13-2023,15778.0,1987 4Runner,0,0.0,0.0,0.0
05-15-2023,12990.0,1987 4Runner,0,0.0,0.0,0.0
07-15-2023,12990.0,1987 4Runner,0,0.0,0.0,0.0
09-14-2023,20797.122406775212,1987 4Runner,0,0.0,0.0,0.0
11-14-2023,20407.841083617746,1987 4Runner,0,0.0,0.0,0.0
01-14-2024,20683.255693151597,1987 4Runner,0,0.0,0.0,0.0
03-15-2024,26667.21902481156,1987 4Runner,0,0.0,0.0,0.0
05-15-2024,40663.8,1987 4Runner,0,0.0,0.0,0.0
01-02-2009,3488.0,1990 4Runner,8245,21.0,-47.41,-60.28
03-04-2009,4036.9798002307048,1990 4Runner,8245,21.0,-47.41,-60.28
05-04-2009,3663.090407986111,1990 4Runner,8245,21.0,-47.41,-60.28
09-03-2009,5140.7932718211205,1990 4Runner,8245,21.0,-47.41,-60.28
11-03-2009,4214.742578125,1990 4Runner,8245,21.0,-47.41,-60.28
01-03-2010,4019.132421875,1990 4Runner,8245,21.0,-47.41,-60.28
03-05-2010,3669.1342140480324,1990 4Runner,8245,21.0,-47.41,-60.28
05-05-2010,3745.878343249555,1990 4Runner,8245,21.0,-47.41,-60.28
07-05-2010,3952.5940401785715,1990 4Runner,8245,21.0,-47.41,-60.28
09-04-2010,3971.77633471867,1990 4Runner,8245,21.0,-47.41,-60.28
11-04-2010,3982.9415147569443,1990 4Runner,8245,21.0,-47.41,-60.28
01-04-2011,3467.4198824179293,1990 4Runner,8245,21.0,-47.41,-60.28
03-06-2011,3576.8020187904094,1990 4Runner,8245,21.0,-47.41,-60.28
05-06-2011,5932.934194711538,1990 4Runner,8245,21.0,-47.41,-60.28
07-06-2011,4078.001199693991,1990 4Runner,8245,21.0,-47.41,-60.28
09-05-2011,5162.11524237961,1990 4Runner,8245,21.0,-47.41,-60.28
11-05-2011,3558.720399798769,1990 4Runner,8245,21.0,-47.41,-60.28
01-05-2012,3835.4810656708437,1990 4Runner,8245,21.0,-47.41,-60.28
03-06-2012,3019.168741776316,1990 4Runner,8245,21.0,-47.41,-60.28
05-06-2012,3516.839583910754,1990 4Runner,8245,21.0,-47.41,-60.28
07-06-2012,3903.8810292119565,1990 4Runner,8245,21.0,-47.41,-60.28
09-05-2012,3991.422177870278,1990 4Runner,8245,21.0,-47.41,-60.28
11-05-2012,3571.4007481334297,1990 4Runner,8245,21.0,-47.41,-60.28
01-05-2013,2930.418173851432,1990 4Runner,8245,21.0,-47.41,-60.28
03-07-2013,3002.6117371564137,1990 4Runner,8245,21.0,-47.41,-60.28
05-07-2013,3353.468513710758,1990 4Runner,8245,21.0,-47.41,-60.28
07-07-2013,3417.629673155014,1990 4Runner,8245,21.0,-47.41,-60.28
09-06-2013,3136.8136711920893,1990 4Runner,8245,21.0,-47.41,-60.28
11-06-2013,2986.4425248989605,1990 4Runner,8245,21.0,-47.41,-60.28
01-06-2014,3820.5225652305826,1990 4Runner,8245,21.0,-47.41,-60.28
03-08-2014,3645.4268547232823,1990 4Runner,8245,21.0,-47.41,-60.28
05-08-2014,3388.1717399199265,1990 4Runner,8245,21.0,-47.41,-60.28
07-08-2014,3668.802985787899,1990 4Runner,8245,21.0,-47.41,-60.28
09-07-2014,3509.4556849449687,1990 4Runner,8245,21.0,-47.41,-60.28
11-07-2014,3720.4805701622595,1990 4Runner,8245,21.0,-47.41,-60.28
01-07-2015,3352.729846398305,1990 4Runner,8245,21.0,-47.41,-60.28
03-09-2015,3322.0652868960083,1990 4Runner,8245,21.0,-47.41,-60.28
05-09-2015,3764.868809708794,1990 4Runner,8245,21.0,-47.41,-60.28
07-09-2015,2947.546921806917,1990 4Runner,8245,21.0,-47.41,-60.28
09-08-2015,3722.1156231264986,1990 4Runner,8245,21.0,-47.41,-60.28
11-08-2015,4198.36755354021,1990 4Runner,8245,21.0,-47.41,-60.28
01-08-2016,3297.8439825148807,1990 4Runner,8245,21.0,-47.41,-60.28
03-09-2016,3786.8836997686867,1990 4Runner,8245,21.0,-47.41,-60.28
05-09-2016,3700.1574011796356,1990 4Runner,8245,21.0,-47.41,-60.28
07-09-2016,3484.8577769886365,1990 4Runner,8245,21.0,-47.41,-60.28
09-08-2016,2752.7723992374727,1990 4Runner,8245,21.0,-47.41,-60.28
11-08-2016,9617.992111354775,1990 4Runner,8245,21.0,-47.41,-60.28
01-08-2017,3216.4944047021418,1990 4Runner,8245,21.0,-47.41,-60.28
03-10-2017,4097.691594000334,1990 4Runner,8245,21.0,-47.41,-60.28
05-10-2017,4877.113832271299,1990 4Runner,8245,21.0,-47.41,-60.28
07-10-2017,4376.602950671488,1990 4Runner,8245,21.0,-47.41,-60.28
09-09-2017,3493.3875100629393,1990 4Runner,8245,21.0,-47.41,-60.28
11-09-2017,4137.647161989796,1990 4Runner,8245,21.0,-47.41,-60.28
01-09-2018,4335.534915647645,1990 4Runner,8245,21.0,-47.41,-60.28
03-11-2018,3803.1839412513395,1990 4Runner,8245,21.0,-47.41,-60.28
05-11-2018,4244.369280779803,1990 4Runner,8245,21.0,-47.41,-60.28
07-11-2018,4713.818394886363,1990 4Runner,8245,21.0,-47.41,-60.28
09-10-2018,4818.039944727891,1990 4Runner,8245,21.0,-47.41,-60.28
11-10-2018,4570.532712339744,1990 4Runner,8245,21.0,-47.41,-60.28
01-10-2019,4162.184241812071,1990 4Runner,8245,21.0,-47.41,-60.28
03-12-2019,4215.536824369635,1990 4Runner,8245,21.0,-47.41,-60.28
05-12-2019,4960.603688808497,1990 4Runner,8245,21.0,-47.41,-60.28
07-12-2019,5191.290494791667,1990 4Runner,8245,21.0,-47.41,-60.28
09-11-2019,5231.77207306338,1990 4Runner,8245,21.0,-47.41,-60.28
11-11-2019,6464.988773258588,1990 4Runner,8245,21.0,-47.41,-60.28
01-11-2020,4893.284857683121,1990 4Runner,8245,21.0,-47.41,-60.28
03-12-2020,5834.156556132445,1990 4Runner,8245,21.0,-47.41,-60.28
05-12-2020,5459.424766995614,1990 4Runner,8245,21.0,-47.41,-60.28
07-12-2020,5432.863429588608,1990 4Runner,8245,21.0,-47.41,-60.28
09-11-2020,6235.61290818118,1990 4Runner,8245,21.0,-47.41,-60.28
11-11-2020,8219.51273777174,1990 4Runner,8245,21.0,-47.41,-60.28
01-11-2021,9338.579545454546,1990 4Runner,8245,21.0,-47.41,-60.28
03-13-2021,7582.170186121323,1990 4Runner,8245,21.0,-47.41,-60.28
05-13-2021,7233.024338942308,1990 4Runner,8245,21.0,-47.41,-60.28
07-13-2021,7435.834049479166,1990 4Runner,8245,21.0,-47.41,-60.28
09-12-2021,8967.110785590277,1990 4Runner,8245,21.0,-47.41,-60.28
11-12-2021,7314.622147409539,1990 4Runner,8245,21.0,-47.41,-60.28
01-12-2022,9473.961472800926,1990 4Runner,8245,21.0,-47.41,-60.28
03-14-2022,8779.930555555555,1990 4Runner,8245,21.0,-47.41,-60.28
05-14-2022,7860.273972602739,1990 4Runner,8245,21.0,-47.41,-60.28
07-14-2022,7181.443298969072,1990 4Runner,8245,21.0,-47.41,-60.28
09-13-2022,8239.565616813248,1990 4Runner,8245,21.0,-47.41,-60.28
11-13-2022,8145.7831467848555,1990 4Runner,8245,21.0,-47.41,-60.28
01-13-2023,7946.8093023255815,1990 4Runner,8245,21.0,-47.41,-60.28
03-15-2023,7450.079075863487,1990 4Runner,8245,21.0,-47.41,-60.28
05-15-2023,8498.320262419871,1990 4Runner,8245,21.0,-47.41,-60.28
07-15-2023,6649.55720441366,1990 4Runner,8245,21.0,-47.41,-60.28
09-14-2023,9902.675963916367,1990 4Runner,8245,21.0,-47.41,-60.28
11-14-2023,11265.879396984925,1990 4Runner,8245,21.0,-47.41,-60.28
01-14-2024,6058.879310344828,1990 4Runner,8245,21.0,-47.41,-60.28
03-15-2024,22221.222222222223,1990 4Runner,8245,21.0,-47.41,-60.28
05-15-2024,20524.400291732596,1990 4Runner,8245,21.0,-47.41,-60.28
07-15-2024,15271.302669986264,1990 4Runner,8245,21.0,-47.41,-60.28
09-14-2024,19472.383838383837,1990 4Runner,8245,21.0,-47.41,-60.28
11-14-2024,15609.909134615385,1990 4Runner,8245,21.0,-47.41,-60.28
01-14-2025,13389.958646616542,1990 4Runner,8245,21.0,-47.41,-60.28
03-16-2025,12303.350328947368,1990 4Runner,8245,21.0,-47.41,-60.28
01-02-2009,5295.0,1991 4Runner,5997,2.66,-36.29,-41.41
03-04-2009,5231.736626059322,1991 4Runner,5997,2.66,-36.29,-41.41
05-04-2009,4163.246913580247,1991 4Runner,5997,2.66,-36.29,-41.41
07-04-2009,3750.550465303309,1991 4Runner,5997,2.66,-36.29,-41.41
09-03-2009,4566.421798291163,1991 4Runner,5997,2.66,-36.29,-41.41
11-03-2009,5675.387856012659,1991 4Runner,5997,2.66,-36.29,-41.41
01-03-2010,3443.0595293787424,1991 4Runner,5997,2.66,-36.29,-41.41
03-05-2010,4063.563952323718,1991 4Runner,5997,2.66,-36.29,-41.41
05-05-2010,3707.3737241683466,1991 4Runner,5997,2.66,-36.29,-41.41
07-05-2010,4225.101747047244,1991 4Runner,5997,2.66,-36.29,-41.41
09-04-2010,4089.6666666666665,1991 4Runner,5997,2.66,-36.29,-41.41
11-04-2010,5264.7472984813085,1991 4Runner,5997,2.66,-36.29,-41.41
01-04-2011,4150.780941133721,1991 4Runner,5997,2.66,-36.29,-41.41
03-06-2011,4528.967734375,1991 4Runner,5997,2.66,-36.29,-41.41
05-06-2011,4220.686380912162,1991 4Runner,5997,2.66,-36.29,-41.41
07-06-2011,4443.87605357847,1991 4Runner,5997,2.66,-36.29,-41.41
09-05-2011,4327.772391183035,1991 4Runner,5997,2.66,-36.29,-41.41
11-05-2011,4554.244187607388,1991 4Runner,5997,2.66,-36.29,-41.41
01-05-2012,4182.209546294954,1991 4Runner,5997,2.66,-36.29,-41.41
03-06-2012,4645.184095036319,1991 4Runner,5997,2.66,-36.29,-41.41
05-06-2012,4418.452732252038,1991 4Runner,5997,2.66,-36.29,-41.41
07-06-2012,4207.041539522059,1991 4Runner,5997,2.66,-36.29,-41.41
09-05-2012,5046.929229949737,1991 4Runner,5997,2.66,-36.29,-41.41
11-05-2012,4403.3077466114455,1991 4Runner,5997,2.66,-36.29,-41.41
01-05-2013,4513.290481362108,1991 4Runner,5997,2.66,-36.29,-41.41
03-07-2013,4417.2729114583335,1991 4Runner,5997,2.66,-36.29,-41.41
05-07-2013,4091.948945545015,1991 4Runner,5997,2.66,-36.29,-41.41
07-07-2013,3454.550257831886,1991 4Runner,5997,2.66,-36.29,-41.41
09-06-2013,4097.780299517804,1991 4Runner,5997,2.66,-36.29,-41.41
11-06-2013,3774.837332589286,1991 4Runner,5997,2.66,-36.29,-41.41
01-06-2014,4001.6296164772725,1991 4Runner,5997,2.66,-36.29,-41.41
03-08-2014,3427.2433314732143,1991 4Runner,5997,2.66,-36.29,-41.41
05-08-2014,3770.792729215802,1991 4Runner,5997,2.66,-36.29,-41.41
07-08-2014,4368.978497922961,1991 4Runner,5997,2.66,-36.29,-41.41
09-07-2014,3904.080091472096,1991 4Runner,5997,2.66,-36.29,-41.41
11-07-2014,3829.963326797184,1991 4Runner,5997,2.66,-36.29,-41.41
01-07-2015,3949.6087158203127,1991 4Runner,5997,2.66,-36.29,-41.41
03-09-2015,3876.2984991776316,1991 4Runner,5997,2.66,-36.29,-41.41
05-09-2015,5030.65523538961,1991 4Runner,5997,2.66,-36.29,-41.41
07-09-2015,4566.54635989011,1991 4Runner,5997,2.66,-36.29,-41.41
09-08-2015,4769.7892848069105,1991 4Runner,5997,2.66,-36.29,-41.41
11-08-2015,4046.3380223834324,1991 4Runner,5997,2.66,-36.29,-41.41
01-08-2016,4150.448217429577,1991 4Runner,5997,2.66,-36.29,-41.41
03-09-2016,3403.5457627118644,1991 4Runner,5997,2.66,-36.29,-41.41
05-09-2016,3906.5570456509217,1991 4Runner,5997,2.66,-36.29,-41.41
07-09-2016,3805.151928499691,1991 4Runner,5997,2.66,-36.29,-41.41
09-08-2016,4907.749155405405,1991 4Runner,5997,2.66,-36.29,-41.41
11-08-2016,4998.2511206083045,1991 4Runner,5997,2.66,-36.29,-41.41
01-08-2017,3435.165093776528,1991 4Runner,5997,2.66,-36.29,-41.41
03-10-2017,3462.9325203001968,1991 4Runner,5997,2.66,-36.29,-41.41
05-10-2017,2993.615830545273,1991 4Runner,5997,2.66,-36.29,-41.41
07-10-2017,3615.475215649558,1991 4Runner,5997,2.66,-36.29,-41.41
09-09-2017,4343.388136112119,1991 4Runner,5997,2.66,-36.29,-41.41
11-09-2017,3387.3671250998405,1991 4Runner,5997,2.66,-36.29,-41.41
01-09-2018,3309.9712464080458,1991 4Runner,5997,2.66,-36.29,-41.41
03-11-2018,3566.231573275862,1991 4Runner,5997,2.66,-36.29,-41.41
05-11-2018,3946.3877620341614,1991 4Runner,5997,2.66,-36.29,-41.41
07-11-2018,4312.48200949826,1991 4Runner,5997,2.66,-36.29,-41.41
09-10-2018,4354.525436658249,1991 4Runner,5997,2.66,-36.29,-41.41
11-10-2018,4107.875279017857,1991 4Runner,5997,2.66,-36.29,-41.41
01-10-2019,4921.859893798828,1991 4Runner,5997,2.66,-36.29,-41.41
03-12-2019,3923.6864914772727,1991 4Runner,5997,2.66,-36.29,-41.41
05-12-2019,5018.336020611702,1991 4Runner,5997,2.66,-36.29,-41.41
07-12-2019,4219.741827947443,1991 4Runner,5997,2.66,-36.29,-41.41
09-11-2019,4248.634445516627,1991 4Runner,5997,2.66,-36.29,-41.41
11-11-2019,4390.332390280331,1991 4Runner,5997,2.66,-36.29,-41.41
01-11-2020,3957.0716981132077,1991 4Runner,5997,2.66,-36.29,-41.41
03-12-2020,4855.9097339527025,1991 4Runner,5997,2.66,-36.29,-41.41
05-12-2020,5153.452607615894,1991 4Runner,5997,2.66,-36.29,-41.41
07-12-2020,5030.586841080961,1991 4Runner,5997,2.66,-36.29,-41.41
09-11-2020,6351.91011235955,1991 4Runner,5997,2.66,-36.29,-41.41
11-11-2020,5676.134615384615,1991 4Runner,5997,2.66,-36.29,-41.41
01-11-2021,4392.563891882184,1991 4Runner,5997,2.66,-36.29,-41.41
03-13-2021,6698.71511462135,1991 4Runner,5997,2.66,-36.29,-41.41
05-13-2021,4136.866235149793,1991 4Runner,5997,2.66,-36.29,-41.41
07-13-2021,3040.8829787234044,1991 4Runner,5997,2.66,-36.29,-41.41
09-12-2021,8800.823575647866,1991 4Runner,5997,2.66,-36.29,-41.41
11-12-2021,8413.909836065573,1991 4Runner,5997,2.66,-36.29,-41.41
01-12-2022,8742.86859556686,1991 4Runner,5997,2.66,-36.29,-41.41
03-14-2022,8186.720363451087,1991 4Runner,5997,2.66,-36.29,-41.41
05-14-2022,10905.248176007231,1991 4Runner,5997,2.66,-36.29,-41.41
07-14-2022,9590.975671744247,1991 4Runner,5997,2.66,-36.29,-41.41
09-13-2022,8885.991876594388,1991 4Runner,5997,2.66,-36.29,-41.41
11-13-2022,7365.274989442568,1991 4Runner,5997,2.66,-36.29,-41.41
01-13-2023,8109.015151515152,1991 4Runner,5997,2.66,-36.29,-41.41
03-15-2023,7995.0,1991 4Runner,5997,2.66,-36.29,-41.41
05-15-2023,9700.227272727272,1991 4Runner,5997,2.66,-36.29,-41.41
07-15-2023,10740.41291360294,1991 4Runner,5997,2.66,-36.29,-41.41
09-14-2023,14291.203099798387,1991 4Runner,5997,2.66,-36.29,-41.41
11-14-2023,12381.377285289116,1991 4Runner,5997,2.66,-36.29,-41.41
01-14-2024,13197.884615384615,1991 4Runner,5997,2.66,-36.29,-41.41
03-15-2024,11386.744852228681,1991 4Runner,5997,2.66,-36.29,-41.41
05-15-2024,10676.684763642132,1991 4Runner,5997,2.66,-36.29,-41.41
07-15-2024,10806.495817550505,1991 4Runner,5997,2.66,-36.29,-41.41
09-14-2024,6909.714285714285,1991 4Runner,5997,2.66,-36.29,-41.41
11-14-2024,7453.545454545455,1991 4Runner,5997,2.66,-36.29,-41.41
01-14-2025,8721.051948051949,1991 4Runner,5997,2.66,-36.29,-41.41
03-16-2025,6882.59375,1991 4Runner,5997,2.66,-36.29,-41.41
03-04-2009,3995.0,1986 4Runner,19995,6.65,48.69,0.25
05-04-2009,3563.913043478261,1986 4Runner,19995,6.65,48.69,0.25
07-04-2009,3587.5,1986 4Runner,19995,6.65,48.69,0.25
09-03-2009,3914.2456389126714,1986 4Runner,19995,6.65,48.69,0.25
01-03-2010,1000.0,1986 4Runner,19995,6.65,48.69,0.25
09-04-2010,3992.0,1986 4Runner,19995,6.65,48.69,0.25
01-04-2011,2495.0,1986 4Runner,19995,6.65,48.69,0.25
05-06-2011,4736.538461538462,1986 4Runner,19995,6.65,48.69,0.25
07-06-2011,3950.0,1986 4Runner,19995,6.65,48.69,0.25
03-06-2012,4999.0,1986 4Runner,19995,6.65,48.69,0.25
05-06-2012,2995.0,1986 4Runner,19995,6.65,48.69,0.25
07-06-2012,1443.3333333333333,1986 4Runner,19995,6.65,48.69,0.25
09-05-2012,3750.3676470588234,1986 4Runner,19995,6.65,48.69,0.25
11-05-2012,4223.4375,1986 4Runner,19995,6.65,48.69,0.25
01-05-2013,3591.3783783783783,1986 4Runner,19995,6.65,48.69,0.25
03-07-2013,3986.0,1986 4Runner,19995,6.65,48.69,0.25
05-07-2013,1668.421052631579,1986 4Runner,19995,6.65,48.69,0.25
07-07-2013,2000.0,1986 4Runner,19995,6.65,48.69,0.25
09-06-2013,2713.9285714285716,1986 4Runner,19995,6.65,48.69,0.25
11-06-2013,4055.53125,1986 4Runner,19995,6.65,48.69,0.25
09-07-2014,4688.260869565217,1986 4Runner,19995,6.65,48.69,0.25
11-07-2014,5175.0,1986 4Runner,19995,6.65,48.69,0.25
01-07-2015,3298.454592180024,1986 4Runner,19995,6.65,48.69,0.25
03-09-2015,6028.383147885101,1986 4Runner,19995,6.65,48.69,0.25
05-09-2015,7995.0,1986 4Runner,19995,6.65,48.69,0.25
07-09-2015,7956.373626373626,1986 4Runner,19995,6.65,48.69,0.25
09-08-2015,5540.918367346939,1986 4Runner,19995,6.65,48.69,0.25
11-08-2015,6066.173913043478,1986 4Runner,19995,6.65,48.69,0.25
01-08-2016,5819.495575221239,1986 4Runner,19995,6.65,48.69,0.25
03-09-2016,6091.183525219299,1986 4Runner,19995,6.65,48.69,0.25
05-09-2016,6459.357984138258,1986 4Runner,19995,6.65,48.69,0.25
07-09-2016,5324.3877551020405,1986 4Runner,19995,6.65,48.69,0.25
09-08-2016,5119.0,1986 4Runner,19995,6.65,48.69,0.25
11-08-2016,3997.0,1986 4Runner,19995,6.65,48.69,0.25
01-08-2017,3997.0,1986 4Runner,19995,6.65,48.69,0.25
05-10-2017,22786.650390625,1986 4Runner,19995,6.65,48.69,0.25
07-10-2017,13777.253209680945,1986 4Runner,19995,6.65,48.69,0.25
09-09-2017,13595.897886029412,1986 4Runner,19995,6.65,48.69,0.25
11-09-2017,15760.266819629855,1986 4Runner,19995,6.65,48.69,0.25
01-09-2018,20306.53982300885,1986 4Runner,19995,6.65,48.69,0.25
03-11-2018,18951.130627648305,1986 4Runner,19995,6.65,48.69,0.25
05-11-2018,13553.292825838415,1986 4Runner,19995,6.65,48.69,0.25
07-11-2018,3523.2558139534885,1986 4Runner,19995,6.65,48.69,0.25
09-10-2018,9347.99459352355,1986 4Runner,19995,6.65,48.69,0.25
11-10-2018,8858.776851741412,1986 4Runner,19995,6.65,48.69,0.25
01-10-2019,9597.180327868853,1986 4Runner,19995,6.65,48.69,0.25
03-12-2019,8959.0,1986 4Runner,19995,6.65,48.69,0.25
05-12-2019,8725.366972477064,1986 4Runner,19995,6.65,48.69,0.25
07-12-2019,9690.271028037383,1986 4Runner,19995,6.65,48.69,0.25
09-11-2019,9004.940298507463,1986 4Runner,19995,6.65,48.69,0.25
11-11-2019,10203.324670493197,1986 4Runner,19995,6.65,48.69,0.25
01-11-2020,12680.403548599837,1986 4Runner,19995,6.65,48.69,0.25
03-12-2020,10099.481481481482,1986 4Runner,19995,6.65,48.69,0.25
05-12-2020,21995.0,1986 4Runner,19995,6.65,48.69,0.25
07-12-2020,13756.78947368421,1986 4Runner,19995,6.65,48.69,0.25
09-11-2020,17790.29126213592,1986 4Runner,19995,6.65,48.69,0.25
11-11-2020,16995.0,1986 4Runner,19995,6.65,48.69,0.25
05-13-2021,6950.0,1986 4Runner,19995,6.65,48.69,0.25
07-13-2021,14663.461538461539,1986 4Runner,19995,6.65,48.69,0.25
09-12-2021,14800.171336206897,1986 4Runner,19995,6.65,48.69,0.25
11-12-2021,28854.128440366974,1986 4Runner,19995,6.65,48.69,0.25
01-12-2022,33499.6875,1986 4Runner,19995,6.65,48.69,0.25
03-14-2022,36847.02205882353,1986 4Runner,19995,6.65,48.69,0.25
05-14-2022,33358.38842975206,1986 4Runner,19995,6.65,48.69,0.25
07-14-2022,31257.14285714286,1986 4Runner,19995,6.65,48.69,0.25
09-13-2022,23882.758620689656,1986 4Runner,19995,6.65,48.69,0.25
11-13-2022,21568.953579215115,1986 4Runner,19995,6.65,48.69,0.25
01-13-2023,18843.478260869564,1986 4Runner,19995,6.65,48.69,0.25
03-15-2023,18017.647058823528,1986 4Runner,19995,6.65,48.69,0.25
05-15-2023,19900.0,1986 4Runner,19995,6.65,48.69,0.25
07-15-2023,15837.5,1986 4Runner,19995,6.65,48.69,0.25
09-14-2023,15555.884057971014,1986 4Runner,19995,6.65,48.69,0.25
11-14-2023,9079.76119402985,1986 4Runner,19995,6.65,48.69,0.25
01-14-2024,16160.761904761905,1986 4Runner,19995,6.65,48.69,0.25
03-15-2024,18322.690509733606,1986 4Runner,19995,6.65,48.69,0.25
05-15-2024,19056.21359223301,1986 4Runner,19995,6.65,48.69,0.25
07-15-2024,17423.968253968254,1986 4Runner,19995,6.65,48.69,0.25
09-14-2024,20822.222222222223,1986 4Runner,19995,6.65,48.69,0.25
11-14-2024,20829.09836065574,1986 4Runner,19995,6.65,48.69,0.25
01-14-2025,15597.041534810127,1986 4Runner,19995,6.65,48.69,0.25
03-16-2025,17530.852832825203,1986 4Runner,19995,6.65,48.69,0.25
05-07-2013,5391.930232558139,1985 4Runner,21995,74.67,46.63,0.0
07-07-2013,5497.0,1985 4Runner,21995,74.67,46.63,0.0
09-06-2013,5675.488888888889,1985 4Runner,21995,74.67,46.63,0.0
11-06-2013,5257.271604938272,1985 4Runner,21995,74.67,46.63,0.0
01-06-2014,6265.135593220339,1985 4Runner,21995,74.67,46.63,0.0
03-08-2014,5985.0,1985 4Runner,21995,74.67,46.63,0.0
05-08-2014,7577.235294117647,1985 4Runner,21995,74.67,46.63,0.0
07-08-2014,6393.116279069767,1985 4Runner,21995,74.67,46.63,0.0
09-07-2014,4400.0,1985 4Runner,21995,74.67,46.63,0.0
11-07-2014,1999.0,1985 4Runner,21995,74.67,46.63,0.0
01-07-2015,1999.0,1985 4Runner,21995,74.67,46.63,0.0
09-08-2015,12900.0,1985 4Runner,21995,74.67,46.63,0.0
11-08-2015,12900.0,1985 4Runner,21995,74.67,46.63,0.0
05-09-2016,5809.302325581395,1985 4Runner,21995,74.67,46.63,0.0
07-09-2016,5195.081967213115,1985 4Runner,21995,74.67,46.63,0.0
09-08-2016,4900.0,1985 4Runner,21995,74.67,46.63,0.0
11-08-2016,4130.263157894737,1985 4Runner,21995,74.67,46.63,0.0
01-08-2017,4900.0,1985 4Runner,21995,74.67,46.63,0.0
03-10-2017,4900.0,1985 4Runner,21995,74.67,46.63,0.0
05-10-2017,4900.0,1985 4Runner,21995,74.67,46.63,0.0
07-10-2017,11999.0,1985 4Runner,21995,74.67,46.63,0.0
11-09-2017,3499.0,1985 4Runner,21995,74.67,46.63,0.0
01-09-2018,8888.0,1985 4Runner,21995,74.67,46.63,0.0
03-11-2018,16305.04255319149,1985 4Runner,21995,74.67,46.63,0.0
05-11-2018,12612.375,1985 4Runner,21995,74.67,46.63,0.0
07-11-2018,12500.0,1985 4Runner,21995,74.67,46.63,0.0
09-10-2018,3000.0,1985 4Runner,21995,74.67,46.63,0.0
11-10-2018,3000.0,1985 4Runner,21995,74.67,46.63,0.0
03-12-2019,3203.2258064516127,1985 4Runner,21995,74.67,46.63,0.0
05-12-2019,4745.454545454545,1985 4Runner,21995,74.67,46.63,0.0
07-12-2019,6900.0,1985 4Runner,21995,74.67,46.63,0.0
09-11-2019,6900.0,1985 4Runner,21995,74.67,46.63,0.0
11-11-2019,11508.333333333334,1985 4Runner,21995,74.67,46.63,0.0
01-11-2020,10720.387363470874,1985 4Runner,21995,74.67,46.63,0.0
03-12-2020,13000.0,1985 4Runner,21995,74.67,46.63,0.0
07-13-2021,6044.074074074074,1985 4Runner,21995,74.67,46.63,0.0
09-12-2021,6250.0,1985 4Runner,21995,74.67,46.63,0.0
01-12-2022,7236.8421052631575,1985 4Runner,21995,74.67,46.63,0.0
03-14-2022,6500.0,1985 4Runner,21995,74.67,46.63,0.0
05-14-2022,6500.0,1985 4Runner,21995,74.67,46.63,0.0
09-13-2022,18447.830188679247,1985 4Runner,21995,74.67,46.63,0.0
11-13-2022,12652.126319679053,1985 4Runner,21995,74.67,46.63,0.0
01-13-2023,11472.5,1985 4Runner,21995,74.67,46.63,0.0
03-15-2023,9980.60606060606,1985 4Runner,21995,74.67,46.63,0.0
05-15-2023,10369.528301886792,1985 4Runner,21995,74.67,46.63,0.0
07-15-2023,5290.0,1985 4Runner,21995,74.67,46.63,0.0
09-14-2023,22850.0,1985 4Runner,21995,74.67,46.63,0.0
11-14-2023,20513.529411764706,1985 4Runner,21995,74.67,46.63,0.0
01-14-2024,18490.625,1985 4Runner,21995,74.67,46.63,0.0
05-15-2024,18995.0,1985 4Runner,21995,74.67,46.63,0.0
07-15-2024,18995.0,1985 4Runner,21995,74.67,46.63,0.0
01-14-2025,15000.0,1985 4Runner,21995,74.67,46.63,0.0
03-16-2025,13426.966292134832,1985 4Runner,21995,74.67,46.63,0.0
09-08-2016,3500.0,1984 4Runner,0,0.0,0.0,0.0
11-08-2016,4423.8125,1984 4Runner,0,0.0,0.0,0.0
01-08-2017,6911.0,1984 4Runner,0,0.0,0.0,0.0
03-12-2019,2500.0,1984 4Runner,0,0.0,0.0,0.0
01-02-2009,3450.0,1989 4Runner,0,0.0,0.0,0.0
03-04-2009,4991.0,1989 4Runner,0,0.0,0.0,0.0
05-04-2009,4990.8133333333335,1989 4Runner,0,0.0,0.0,0.0
07-04-2009,4991.0,1989 4Runner,0,0.0,0.0,0.0
09-03-2009,5122.53488372093,1989 4Runner,0,0.0,0.0,0.0
11-03-2009,3652.8571428571427,1989 4Runner,0,0.0,0.0,0.0
01-03-2010,4092.1976744186045,1989 4Runner,0,0.0,0.0,0.0
03-05-2010,3276.4,1989 4Runner,0,0.0,0.0,0.0
05-05-2010,1995.0,1989 4Runner,0,0.0,0.0,0.0
01-04-2011,4500.0,1989 4Runner,0,0.0,0.0,0.0
03-06-2011,4270.454545454545,1989 4Runner,0,0.0,0.0,0.0
05-06-2011,2495.0,1989 4Runner,0,0.0,0.0,0.0
11-05-2011,1950.0,1989 4Runner,0,0.0,0.0,0.0
01-05-2012,1950.0,1989 4Runner,0,0.0,0.0,0.0
03-06-2012,4110.606060606061,1989 4Runner,0,0.0,0.0,0.0
05-06-2012,5729.1598969856195,1989 4Runner,0,0.0,0.0,0.0
07-06-2012,4995.0,1989 4Runner,0,0.0,0.0,0.0
09-05-2012,4995.0,1989 4Runner,0,0.0,0.0,0.0
11-05-2012,4737.07485254553,1989 4Runner,0,0.0,0.0,0.0
01-05-2013,3733.6875,1989 4Runner,0,0.0,0.0,0.0
03-07-2013,3556.4283914170505,1989 4Runner,0,0.0,0.0,0.0
05-07-2013,3291.4928749127093,1989 4Runner,0,0.0,0.0,0.0
07-07-2013,2527.363191105769,1989 4Runner,0,0.0,0.0,0.0
09-06-2013,2161.1194029850744,1989 4Runner,0,0.0,0.0,0.0
11-06-2013,1995.0,1989 4Runner,0,0.0,0.0,0.0
03-08-2014,2315.5128205128203,1989 4Runner,0,0.0,0.0,0.0
05-08-2014,7279.745762711865,1989 4Runner,0,0.0,0.0,0.0
07-08-2014,5061.28125,1989 4Runner,0,0.0,0.0,0.0
09-07-2014,5471.206766917293,1989 4Runner,0,0.0,0.0,0.0
11-07-2014,6225.437194824219,1989 4Runner,0,0.0,0.0,0.0
01-07-2015,5621.837785456731,1989 4Runner,0,0.0,0.0,0.0
03-09-2015,5558.3421052631575,1989 4Runner,0,0.0,0.0,0.0
05-09-2015,2650.0,1989 4Runner,0,0.0,0.0,0.0
07-09-2015,9645.833333333334,1989 4Runner,0,0.0,0.0,0.0
09-08-2015,9995.0,1989 4Runner,0,0.0,0.0,0.0
11-08-2015,9291.875,1989 4Runner,0,0.0,0.0,0.0
01-08-2016,4900.682265093537,1989 4Runner,0,0.0,0.0,0.0
03-09-2016,5670.240087523496,1989 4Runner,0,0.0,0.0,0.0
05-09-2016,7201.554054054054,1989 4Runner,0,0.0,0.0,0.0
07-09-2016,7401.276595744681,1989 4Runner,0,0.0,0.0,0.0
09-08-2016,5518.6274509803925,1989 4Runner,0,0.0,0.0,0.0
11-08-2016,4704.101812900641,1989 4Runner,0,0.0,0.0,0.0
01-08-2017,4053.555864081325,1989 4Runner,0,0.0,0.0,0.0
03-10-2017,4912.418422965116,1989 4Runner,0,0.0,0.0,0.0
05-10-2017,5782.142769949777,1989 4Runner,0,0.0,0.0,0.0
07-10-2017,4734.878048780488,1989 4Runner,0,0.0,0.0,0.0
09-09-2017,7883.668402777777,1989 4Runner,0,0.0,0.0,0.0
11-09-2017,8387.353881183155,1989 4Runner,0,0.0,0.0,0.0
01-09-2018,4077.681289300686,1989 4Runner,0,0.0,0.0,0.0
03-11-2018,5213.534925306166,1989 4Runner,0,0.0,0.0,0.0
05-11-2018,5040.17772052305,1989 4Runner,0,0.0,0.0,0.0
07-11-2018,13028.0,1989 4Runner,0,0.0,0.0,0.0
09-10-2018,8889.815703601373,1989 4Runner,0,0.0,0.0,0.0
11-10-2018,9689.554615162036,1989 4Runner,0,0.0,0.0,0.0
01-10-2019,9552.054794520547,1989 4Runner,0,0.0,0.0,0.0
03-12-2019,5999.0,1989 4Runner,0,0.0,0.0,0.0
05-12-2019,7144.851851851852,1989 4Runner,0,0.0,0.0,0.0
07-12-2019,3856.4285714285716,1989 4Runner,0,0.0,0.0,0.0
09-11-2019,3790.749796549479,1989 4Runner,0,0.0,0.0,0.0
11-11-2019,4288.181818181818,1989 4Runner,0,0.0,0.0,0.0
01-11-2020,4673.360655737705,1989 4Runner,0,0.0,0.0,0.0
03-12-2020,4026.9298245614036,1989 4Runner,0,0.0,0.0,0.0
05-12-2020,5664.067091112013,1989 4Runner,0,0.0,0.0,0.0
07-12-2020,6813.642834739963,1989 4Runner,0,0.0,0.0,0.0
09-11-2020,5854.8682283100325,1989 4Runner,0,0.0,0.0,0.0
11-11-2020,9438.462586600825,1989 4Runner,0,0.0,0.0,0.0
01-11-2021,9362.855263157895,1989 4Runner,0,0.0,0.0,0.0
03-13-2021,8116.179007614715,1989 4Runner,0,0.0,0.0,0.0
05-13-2021,12691.0,1989 4Runner,0,0.0,0.0,0.0
03-14-2022,10000.0,1989 4Runner,0,0.0,0.0,0.0
05-14-2022,31757.840909090908,1989 4Runner,0,0.0,0.0,0.0
07-14-2022,19956.808510638297,1989 4Runner,0,0.0,0.0,0.0
09-13-2022,11146.86607142857,1989 4Runner,0,0.0,0.0,0.0
11-13-2022,14851.25925925926,1989 4Runner,0,0.0,0.0,0.0
01-13-2023,20892.583333333332,1989 4Runner,0,0.0,0.0,0.0
03-15-2023,18359.082305908203,1989 4Runner,0,0.0,0.0,0.0
05-15-2023,21766.355140186915,1989 4Runner,0,0.0,0.0,0.0
07-15-2023,20903.88,1989 4Runner,0,0.0,0.0,0.0
09-14-2023,19878.30129419192,1989 4Runner,0,0.0,0.0,0.0
11-14-2023,19749.9803125,1989 4Runner,0,0.0,0.0,0.0
01-14-2024,19920.96153846154,1989 4Runner,0,0.0,0.0,0.0
03-15-2024,19631.16780733471,1989 4Runner,0,0.0,0.0,0.0
05-15-2024,2684.2105263157896,1989 4Runner,0,0.0,0.0,0.0
07-15-2024,11445.934782608696,1989 4Runner,0,0.0,0.0,0.0
09-14-2024,12152.983606557376,1989 4Runner,0,0.0,0.0,0.0
11-14-2024,12713.221153846154,1989 4Runner,0,0.0,0.0,0.0
01-14-2025,11120.02700700431,1989 4Runner,0,0.0,0.0,0.0
03-16-2025,10900.260869565218,1989 4Runner,0,0.0,0.0,0.0
01-02-2009,3300.0,1988 4Runner,36852,8.4,84.37,143.57
03-04-2009,3486.0,1988 4Runner,36852,8.4,84.37,143.57
05-04-2009,3768.153846153846,1988 4Runner,36852,8.4,84.37,143.57
07-04-2009,3950.0,1988 4Runner,36852,8.4,84.37,143.57
09-03-2009,3914.110319368132,1988 4Runner,36852,8.4,84.37,143.57
11-03-2009,3258.761754697086,1988 4Runner,36852,8.4,84.37,143.57
01-03-2010,1995.0,1988 4Runner,36852,8.4,84.37,143.57
03-05-2010,2995.0,1988 4Runner,36852,8.4,84.37,143.57
05-05-2010,3540.4545454545455,1988 4Runner,36852,8.4,84.37,143.57
07-05-2010,1995.0,1988 4Runner,36852,8.4,84.37,143.57
11-04-2010,10482.450980392157,1988 4Runner,36852,8.4,84.37,143.57
05-06-2011,1995.0,1988 4Runner,36852,8.4,84.37,143.57
07-06-2011,3309.795232599432,1988 4Runner,36852,8.4,84.37,143.57
09-05-2011,2495.5555555555557,1988 4Runner,36852,8.4,84.37,143.57
01-05-2012,3674.2580645161293,1988 4Runner,36852,8.4,84.37,143.57
03-06-2012,3932.6932281949626,1988 4Runner,36852,8.4,84.37,143.57
05-06-2012,2996.9444444444443,1988 4Runner,36852,8.4,84.37,143.57
07-06-2012,3980.0,1988 4Runner,36852,8.4,84.37,143.57
09-05-2012,4007.8892963435374,1988 4Runner,36852,8.4,84.37,143.57
11-05-2012,4650.484947127526,1988 4Runner,36852,8.4,84.37,143.57
01-05-2013,4531.25,1988 4Runner,36852,8.4,84.37,143.57
03-07-2013,4040.006780360772,1988 4Runner,36852,8.4,84.37,143.57
05-07-2013,3549.7977528089887,1988 4Runner,36852,8.4,84.37,143.57
07-07-2013,4954.9734053938355,1988 4Runner,36852,8.4,84.37,143.57
09-06-2013,3228.7814405487807,1988 4Runner,36852,8.4,84.37,143.57
11-06-2013,2760.9066666666668,1988 4Runner,36852,8.4,84.37,143.57
01-06-2014,3255.306818181818,1988 4Runner,36852,8.4,84.37,143.57
03-08-2014,4561.228683035714,1988 4Runner,36852,8.4,84.37,143.57
05-08-2014,5002.648648648648,1988 4Runner,36852,8.4,84.37,143.57
07-08-2014,8995.0,1988 4Runner,36852,8.4,84.37,143.57
09-07-2014,6374.130434782609,1988 4Runner,36852,8.4,84.37,143.57
11-07-2014,7493.90756302521,1988 4Runner,36852,8.4,84.37,143.57
01-07-2015,4780.681818181818,1988 4Runner,36852,8.4,84.37,143.57
03-09-2015,3156.588785046729,1988 4Runner,36852,8.4,84.37,143.57
05-09-2015,3928.2950112336603,1988 4Runner,36852,8.4,84.37,143.57
07-09-2015,6177.070588235294,1988 4Runner,36852,8.4,84.37,143.57
09-08-2015,5199.918032786885,1988 4Runner,36852,8.4,84.37,143.57
11-08-2015,3258.846153846154,1988 4Runner,36852,8.4,84.37,143.57
01-08-2016,2713.076923076923,1988 4Runner,36852,8.4,84.37,143.57
03-09-2016,4570.7494140625,1988 4Runner,36852,8.4,84.37,143.57
05-09-2016,5676.39705882353,1988 4Runner,36852,8.4,84.37,143.57
07-09-2016,4939.04375,1988 4Runner,36852,8.4,84.37,143.57
09-08-2016,3922.683307516164,1988 4Runner,36852,8.4,84.37,143.57
11-08-2016,2995.0,1988 4Runner,36852,8.4,84.37,143.57
01-08-2017,4999.0,1988 4Runner,36852,8.4,84.37,143.57
03-10-2017,4808.145833333333,1988 4Runner,36852,8.4,84.37,143.57
05-10-2017,4271.546391752578,1988 4Runner,36852,8.4,84.37,143.57
07-10-2017,8500.0,1988 4Runner,36852,8.4,84.37,143.57
09-09-2017,7402.260273972603,1988 4Runner,36852,8.4,84.37,143.57
11-09-2017,4945.360161163522,1988 4Runner,36852,8.4,84.37,143.57
01-09-2018,3002.6812633167615,1988 4Runner,36852,8.4,84.37,143.57
03-11-2018,3465.1405699823945,1988 4Runner,36852,8.4,84.37,143.57
05-11-2018,4071.347354760906,1988 4Runner,36852,8.4,84.37,143.57
07-11-2018,60357.0,1988 4Runner,36852,8.4,84.37,143.57
09-10-2018,99995.0,1988 4Runner,36852,8.4,84.37,143.57
11-10-2018,5997.0,1988 4Runner,36852,8.4,84.37,143.57
01-10-2019,5863.933333333333,1988 4Runner,36852,8.4,84.37,143.57
03-12-2019,7059.469305889423,1988 4Runner,36852,8.4,84.37,143.57
05-12-2019,9291.262295081968,1988 4Runner,36852,8.4,84.37,143.57
07-12-2019,7525.444444444444,1988 4Runner,36852,8.4,84.37,143.57
09-11-2019,8505.149253731342,1988 4Runner,36852,8.4,84.37,143.57
11-11-2019,9139.81737790515,1988 4Runner,36852,8.4,84.37,143.57
01-11-2020,11393.06536200495,1988 4Runner,36852,8.4,84.37,143.57
03-12-2020,9377.716049382716,1988 4Runner,36852,8.4,84.37,143.57
05-12-2020,7803.647850364264,1988 4Runner,36852,8.4,84.37,143.57
07-12-2020,7222.771739130435,1988 4Runner,36852,8.4,84.37,143.57
09-11-2020,9443.875,1988 4Runner,36852,8.4,84.37,143.57
11-11-2020,10030.10030048077,1988 4Runner,36852,8.4,84.37,143.57
01-11-2021,9151.779279279279,1988 4Runner,36852,8.4,84.37,143.57
03-13-2021,10006.798373135653,1988 4Runner,36852,8.4,84.37,143.57
05-13-2021,14888.49949852196,1988 4Runner,36852,8.4,84.37,143.57
07-13-2021,13894.904761904761,1988 4Runner,36852,8.4,84.37,143.57
09-12-2021,12509.686440677966,1988 4Runner,36852,8.4,84.37,143.57
11-12-2021,10674.009615384615,1988 4Runner,36852,8.4,84.37,143.57
01-12-2022,14423.0,1988 4Runner,36852,8.4,84.37,143.57
03-14-2022,15091.941666666668,1988 4Runner,36852,8.4,84.37,143.57
05-14-2022,13978.766129032258,1988 4Runner,36852,8.4,84.37,143.57
07-14-2022,14624.56587260929,1988 4Runner,36852,8.4,84.37,143.57
09-13-2022,16600.85707720588,1988 4Runner,36852,8.4,84.37,143.57
11-13-2022,17244.85714285714,1988 4Runner,36852,8.4,84.37,143.57
01-13-2023,21787.47899159664,1988 4Runner,36852,8.4,84.37,143.57
03-15-2023,21265.733333333334,1988 4Runner,36852,8.4,84.37,143.57
05-15-2023,19178.378128886816,1988 4Runner,36852,8.4,84.37,143.57
07-15-2023,16133.397703125,1988 4Runner,36852,8.4,84.37,143.57
09-14-2023,12202.727272727272,1988 4Runner,36852,8.4,84.37,143.57
11-14-2023,13194.68085106383,1988 4Runner,36852,8.4,84.37,143.57
01-14-2024,16688.295843160377,1988 4Runner,36852,8.4,84.37,143.57
03-15-2024,16142.403279958678,1988 4Runner,36852,8.4,84.37,143.57
05-15-2024,14682.659513449367,1988 4Runner,36852,8.4,84.37,143.57
07-15-2024,13733.9775390625,1988 4Runner,36852,8.4,84.37,143.57
09-14-2024,14745.5,1988 4Runner,36852,8.4,84.37,143.57
11-14-2024,20606.032786885247,1988 4Runner,36852,8.4,84.37,143.57
01-14-2025,19988.0,1988 4Runner,36852,8.4,84.37,143.57
03-16-2025,33995.0,1988 4Runner,36852,8.4,84.37,143.57
01-02-2009,3205.43,1992 4Runner,13108,9.93,64.08,145.18
03-04-2009,5219.567723473837,1992 4Runner,13108,9.93,64.08,145.18
05-04-2009,4076.47949714467,1992 4Runner,13108,9.93,64.08,145.18
07-04-2009,3483.75,1992 4Runner,13108,9.93,64.08,145.18
09-03-2009,3666.6978417266187,1992 4Runner,13108,9.93,64.08,145.18
11-03-2009,4758.5641305905965,1992 4Runner,13108,9.93,64.08,145.18
01-03-2010,4935.093582887701,1992 4Runner,13108,9.93,64.08,145.18
03-05-2010,5195.139319997197,1992 4Runner,13108,9.93,64.08,145.18
05-05-2010,4857.332859848485,1992 4Runner,13108,9.93,64.08,145.18
07-05-2010,4662.8949814618645,1992 4Runner,13108,9.93,64.08,145.18
09-04-2010,4718.286573561947,1992 4Runner,13108,9.93,64.08,145.18
11-04-2010,5719.127573029891,1992 4Runner,13108,9.93,64.08,145.18
01-04-2011,5199.819773706897,1992 4Runner,13108,9.93,64.08,145.18
03-06-2011,4963.759956742243,1992 4Runner,13108,9.93,64.08,145.18
05-06-2011,5102.857579022989,1992 4Runner,13108,9.93,64.08,145.18
07-06-2011,5219.599939016351,1992 4Runner,13108,9.93,64.08,145.18
09-05-2011,5248.094878870413,1992 4Runner,13108,9.93,64.08,145.18
11-05-2011,5146.242606757199,1992 4Runner,13108,9.93,64.08,145.18
01-05-2012,5158.507166428117,1992 4Runner,13108,9.93,64.08,145.18
03-06-2012,5139.434449827516,1992 4Runner,13108,9.93,64.08,145.18
05-06-2012,3989.740181745883,1992 4Runner,13108,9.93,64.08,145.18
07-06-2012,4432.293168339416,1992 4Runner,13108,9.93,64.08,145.18
09-05-2012,4327.622481805222,1992 4Runner,13108,9.93,64.08,145.18
11-05-2012,4366.525956062572,1992 4Runner,13108,9.93,64.08,145.18
01-05-2013,4190.971102834303,1992 4Runner,13108,9.93,64.08,145.18
03-07-2013,4664.576080686754,1992 4Runner,13108,9.93,64.08,145.18
05-07-2013,4537.257348484848,1992 4Runner,13108,9.93,64.08,145.18
07-07-2013,4576.038601680384,1992 4Runner,13108,9.93,64.08,145.18
09-06-2013,4267.175839552238,1992 4Runner,13108,9.93,64.08,145.18
11-06-2013,4229.626475694445,1992 4Runner,13108,9.93,64.08,145.18
01-06-2014,4170.563211731992,1992 4Runner,13108,9.93,64.08,145.18
03-08-2014,4351.895650798287,1992 4Runner,13108,9.93,64.08,145.18
05-08-2014,4412.065940692395,1992 4Runner,13108,9.93,64.08,145.18
07-08-2014,4209.068010140729,1992 4Runner,13108,9.93,64.08,145.18
09-07-2014,3913.8568800178414,1992 4Runner,13108,9.93,64.08,145.18
11-07-2014,4045.1105022414513,1992 4Runner,13108,9.93,64.08,145.18
01-07-2015,3828.0188386524824,1992 4Runner,13108,9.93,64.08,145.18
03-09-2015,3810.62890625,1992 4Runner,13108,9.93,64.08,145.18
05-09-2015,3953.93768273102,1992 4Runner,13108,9.93,64.08,145.18
07-09-2015,3569.033227641213,1992 4Runner,13108,9.93,64.08,145.18
09-08-2015,4088.557366635101,1992 4Runner,13108,9.93,64.08,145.18
11-08-2015,4039.393498729205,1992 4Runner,13108,9.93,64.08,145.18
01-08-2016,4269.121247799296,1992 4Runner,13108,9.93,64.08,145.18
03-09-2016,4778.4721686613475,1992 4Runner,13108,9.93,64.08,145.18
05-09-2016,4987.653554137324,1992 4Runner,13108,9.93,64.08,145.18
07-09-2016,4703.76344765733,1992 4Runner,13108,9.93,64.08,145.18
09-08-2016,4828.911904168621,1992 4Runner,13108,9.93,64.08,145.18
11-08-2016,5079.253664001938,1992 4Runner,13108,9.93,64.08,145.18
01-08-2017,4424.444286040146,1992 4Runner,13108,9.93,64.08,145.18
03-10-2017,4654.551096270161,1992 4Runner,13108,9.93,64.08,145.18
05-10-2017,3994.8253971717877,1992 4Runner,13108,9.93,64.08,145.18
07-10-2017,4199.073039698163,1992 4Runner,13108,9.93,64.08,145.18
09-09-2017,4402.773676790149,1992 4Runner,13108,9.93,64.08,145.18
11-09-2017,4003.9365815839697,1992 4Runner,13108,9.93,64.08,145.18
01-09-2018,4500.103969029018,1992 4Runner,13108,9.93,64.08,145.18
03-11-2018,3680.3799711321058,1992 4Runner,13108,9.93,64.08,145.18
05-11-2018,3068.1873335902465,1992 4Runner,13108,9.93,64.08,145.18
07-11-2018,3494.793815888554,1992 4Runner,13108,9.93,64.08,145.18
09-10-2018,3922.8584452836717,1992 4Runner,13108,9.93,64.08,145.18
11-10-2018,3853.905047160823,1992 4Runner,13108,9.93,64.08,145.18
01-10-2019,4177.702098059276,1992 4Runner,13108,9.93,64.08,145.18
03-12-2019,4307.871269208038,1992 4Runner,13108,9.93,64.08,145.18
05-12-2019,4899.515309530879,1992 4Runner,13108,9.93,64.08,145.18
07-12-2019,5429.223338754647,1992 4Runner,13108,9.93,64.08,145.18
09-11-2019,6803.753142813518,1992 4Runner,13108,9.93,64.08,145.18
11-11-2019,4884.714337384259,1992 4Runner,13108,9.93,64.08,145.18
01-11-2020,5910.338073730469,1992 4Runner,13108,9.93,64.08,145.18
03-12-2020,4591.053844470758,1992 4Runner,13108,9.93,64.08,145.18
05-12-2020,6077.6220920138885,1992 4Runner,13108,9.93,64.08,145.18
07-12-2020,6910.476200266291,1992 4Runner,13108,9.93,64.08,145.18
09-11-2020,8630.807799966578,1992 4Runner,13108,9.93,64.08,145.18
11-11-2020,5558.617390422078,1992 4Runner,13108,9.93,64.08,145.18
01-11-2021,5838.738560267857,1992 4Runner,13108,9.93,64.08,145.18
03-13-2021,6390.609774674228,1992 4Runner,13108,9.93,64.08,145.18
05-13-2021,6808.9594140625,1992 4Runner,13108,9.93,64.08,145.18
07-13-2021,8418.359751918859,1992 4Runner,13108,9.93,64.08,145.18
09-12-2021,8705.05419921875,1992 4Runner,13108,9.93,64.08,145.18
11-12-2021,6738.787671232877,1992 4Runner,13108,9.93,64.08,145.18
01-12-2022,6633.821458082933,1992 4Runner,13108,9.93,64.08,145.18
03-14-2022,6502.5439609375,1992 4Runner,13108,9.93,64.08,145.18
05-14-2022,8266.22319121447,1992 4Runner,13108,9.93,64.08,145.18
07-14-2022,9682.76794897152,1992 4Runner,13108,9.93,64.08,145.18
09-13-2022,9126.430784287257,1992 4Runner,13108,9.93,64.08,145.18
11-13-2022,7231.777476917614,1992 4Runner,13108,9.93,64.08,145.18
01-13-2023,7433.6745912665565,1992 4Runner,13108,9.93,64.08,145.18
03-15-2023,8272.467811158798,1992 4Runner,13108,9.93,64.08,145.18
05-15-2023,7154.663366336634,1992 4Runner,13108,9.93,64.08,145.18
07-15-2023,15878.538684475807,1992 4Runner,13108,9.93,64.08,145.18
09-14-2023,15956.070434570312,1992 4Runner,13108,9.93,64.08,145.18
11-14-2023,9295.362745715725,1992 4Runner,13108,9.93,64.08,145.18
01-14-2024,13355.008324795082,1992 4Runner,13108,9.93,64.08,145.18
03-15-2024,8737.720984656531,1992 4Runner,13108,9.93,64.08,145.18
05-15-2024,5050.845608313107,1992 4Runner,13108,9.93,64.08,145.18
07-15-2024,6145.259777390813,1992 4Runner,13108,9.93,64.08,145.18
09-14-2024,6471.743173605456,1992 4Runner,13108,9.93,64.08,145.18
11-14-2024,5178.947230113637,1992 4Runner,13108,9.93,64.08,145.18
01-14-2025,7729.4605105377905,1992 4Runner,13108,9.93,64.08,145.18
03-16-2025,10041.325301204819,1992 4Runner,13108,9.93,64.08,145.18
01-02-2009,4045.4596972366467,1993 4Runner,14498,5.45,23.14,131.62
03-04-2009,4569.331903409091,1993 4Runner,14498,5.45,23.14,131.62
05-04-2009,4295.1557265625,1993 4Runner,14498,5.45,23.14,131.62
07-04-2009,4164.423286382299,1993 4Runner,14498,5.45,23.14,131.62
09-03-2009,5342.403427683246,1993 4Runner,14498,5.45,23.14,131.62
11-03-2009,6629.918928179824,1993 4Runner,14498,5.45,23.14,131.62
01-03-2010,4694.796326369382,1993 4Runner,14498,5.45,23.14,131.62
03-05-2010,4535.149555184248,1993 4Runner,14498,5.45,23.14,131.62
05-05-2010,4894.734793526785,1993 4Runner,14498,5.45,23.14,131.62
07-05-2010,5102.175828742401,1993 4Runner,14498,5.45,23.14,131.62
09-04-2010,4569.794448920964,1993 4Runner,14498,5.45,23.14,131.62
11-04-2010,4430.125546875,1993 4Runner,14498,5.45,23.14,131.62
01-04-2011,4913.764261085894,1993 4Runner,14498,5.45,23.14,131.62
03-06-2011,4889.950857326779,1993 4Runner,14498,5.45,23.14,131.62
05-06-2011,4670.742639342351,1993 4Runner,14498,5.45,23.14,131.62
07-06-2011,5165.322249348958,1993 4Runner,14498,5.45,23.14,131.62
09-05-2011,5213.515913096529,1993 4Runner,14498,5.45,23.14,131.62
11-05-2011,4553.029348807803,1993 4Runner,14498,5.45,23.14,131.62
01-05-2012,4472.498546140082,1993 4Runner,14498,5.45,23.14,131.62
03-06-2012,4740.949430717054,1993 4Runner,14498,5.45,23.14,131.62
05-06-2012,5192.909443999288,1993 4Runner,14498,5.45,23.14,131.62
07-06-2012,5063.238503605769,1993 4Runner,14498,5.45,23.14,131.62
09-05-2012,4299.752271963587,1993 4Runner,14498,5.45,23.14,131.62
11-05-2012,4711.075062739006,1993 4Runner,14498,5.45,23.14,131.62
01-05-2013,4382.719575492058,1993 4Runner,14498,5.45,23.14,131.62
03-07-2013,4283.31088620041,1993 4Runner,14498,5.45,23.14,131.62
05-07-2013,4342.781736085082,1993 4Runner,14498,5.45,23.14,131.62
07-07-2013,4216.541153446321,1993 4Runner,14498,5.45,23.14,131.62
09-06-2013,3751.3689594972066,1993 4Runner,14498,5.45,23.14,131.62
11-06-2013,3729.897132120253,1993 4Runner,14498,5.45,23.14,131.62
01-06-2014,3923.0435150210824,1993 4Runner,14498,5.45,23.14,131.62
03-08-2014,3945.4503158757716,1993 4Runner,14498,5.45,23.14,131.62
05-08-2014,3959.470321864298,1993 4Runner,14498,5.45,23.14,131.62
07-08-2014,3964.247958461934,1993 4Runner,14498,5.45,23.14,131.62
09-07-2014,4361.278143959672,1993 4Runner,14498,5.45,23.14,131.62
11-07-2014,3648.148528031116,1993 4Runner,14498,5.45,23.14,131.62
01-07-2015,4061.6929366837685,1993 4Runner,14498,5.45,23.14,131.62
03-09-2015,4486.828379360465,1993 4Runner,14498,5.45,23.14,131.62
05-09-2015,4575.781646088287,1993 4Runner,14498,5.45,23.14,131.62
07-09-2015,3923.559113078035,1993 4Runner,14498,5.45,23.14,131.62
09-08-2015,3813.619439440133,1993 4Runner,14498,5.45,23.14,131.62
11-08-2015,3641.1922916666667,1993 4Runner,14498,5.45,23.14,131.62
01-08-2016,3806.429057908504,1993 4Runner,14498,5.45,23.14,131.62
03-09-2016,3881.308735451935,1993 4Runner,14498,5.45,23.14,131.62
05-09-2016,3428.591893892974,1993 4Runner,14498,5.45,23.14,131.62
07-09-2016,3750.1707831488716,1993 4Runner,14498,5.45,23.14,131.62
09-08-2016,3234.370217382011,1993 4Runner,14498,5.45,23.14,131.62
11-08-2016,3836.8525762224126,1993 4Runner,14498,5.45,23.14,131.62
01-08-2017,3896.7653443343997,1993 4Runner,14498,5.45,23.14,131.62
03-10-2017,4020.876536620083,1993 4Runner,14498,5.45,23.14,131.62
05-10-2017,3437.5091432291665,1993 4Runner,14498,5.45,23.14,131.62
07-10-2017,3215.0018406918175,1993 4Runner,14498,5.45,23.14,131.62
09-09-2017,3339.5493196614584,1993 4Runner,14498,5.45,23.14,131.62
11-09-2017,3985.5893644555213,1993 4Runner,14498,5.45,23.14,131.62
01-09-2018,3776.482863006342,1993 4Runner,14498,5.45,23.14,131.62
03-11-2018,4439.047859909188,1993 4Runner,14498,5.45,23.14,131.62
05-11-2018,5010.632350151745,1993 4Runner,14498,5.45,23.14,131.62
07-11-2018,4165.904352179583,1993 4Runner,14498,5.45,23.14,131.62
09-10-2018,4301.8769625,1993 4Runner,14498,5.45,23.14,131.62
11-10-2018,3530.1354059056475,1993 4Runner,14498,5.45,23.14,131.62
01-10-2019,4383.897431699102,1993 4Runner,14498,5.45,23.14,131.62
03-12-2019,4854.049896816037,1993 4Runner,14498,5.45,23.14,131.62
05-12-2019,4592.635495364011,1993 4Runner,14498,5.45,23.14,131.62
07-12-2019,5685.305054667102,1993 4Runner,14498,5.45,23.14,131.62
09-11-2019,5761.536712058351,1993 4Runner,14498,5.45,23.14,131.62
11-11-2019,4787.289442670316,1993 4Runner,14498,5.45,23.14,131.62
01-11-2020,5599.77565575509,1993 4Runner,14498,5.45,23.14,131.62
03-12-2020,5264.310137617121,1993 4Runner,14498,5.45,23.14,131.62
05-12-2020,5358.66960797991,1993 4Runner,14498,5.45,23.14,131.62
07-12-2020,7310.069295804795,1993 4Runner,14498,5.45,23.14,131.62
09-11-2020,3728.8245614035086,1993 4Runner,14498,5.45,23.14,131.62
11-11-2020,7555.9842108718485,1993 4Runner,14498,5.45,23.14,131.62
01-11-2021,7284.038492521887,1993 4Runner,14498,5.45,23.14,131.62
03-13-2021,4333.8591922514615,1993 4Runner,14498,5.45,23.14,131.62
05-13-2021,6596.013028630239,1993 4Runner,14498,5.45,23.14,131.62
07-13-2021,8221.201171875,1993 4Runner,14498,5.45,23.14,131.62
09-12-2021,10317.28070887446,1993 4Runner,14498,5.45,23.14,131.62
11-12-2021,11135.240190413988,1993 4Runner,14498,5.45,23.14,131.62
01-12-2022,10450.207182655038,1993 4Runner,14498,5.45,23.14,131.62
03-14-2022,7754.948214548938,1993 4Runner,14498,5.45,23.14,131.62
05-14-2022,9835.337808757486,1993 4Runner,14498,5.45,23.14,131.62
07-14-2022,9336.33282093943,1993 4Runner,14498,5.45,23.14,131.62
09-13-2022,9364.264243702472,1993 4Runner,14498,5.45,23.14,131.62
11-13-2022,8803.929022780987,1993 4Runner,14498,5.45,23.14,131.62
01-13-2023,8773.463831996058,1993 4Runner,14498,5.45,23.14,131.62
03-15-2023,11151.276120995273,1993 4Runner,14498,5.45,23.14,131.62
05-15-2023,10604.144977678572,1993 4Runner,14498,5.45,23.14,131.62
07-15-2023,11515.06485748291,1993 4Runner,14498,5.45,23.14,131.62
09-14-2023,9471.612009684244,1993 4Runner,14498,5.45,23.14,131.62
11-14-2023,12286.037704839939,1993 4Runner,14498,5.45,23.14,131.62
01-14-2024,10782.990718984962,1993 4Runner,14498,5.45,23.14,131.62
03-15-2024,10972.32046875,1993 4Runner,14498,5.45,23.14,131.62
05-15-2024,7781.175675675676,1993 4Runner,14498,5.45,23.14,131.62
07-15-2024,8999.0,1993 4Runner,14498,5.45,23.14,131.62
09-14-2024,14756.69014084507,1993 4Runner,14498,5.45,23.14,131.62
11-14-2024,15769.085597826086,1993 4Runner,14498,5.45,23.14,131.62
01-14-2025,10641.74297626202,1993 4Runner,14498,5.45,23.14,131.62
03-16-2025,15579.170454545454,1993 4Runner,14498,5.45,23.14,131.62
Â© 2025 CarGurus, Inc., All Rights Reserved.